,,Antwerpen,BrabantWallon,Brussels,Hainaut,Limburg,Li√®ge,Luxembourg,Namur,OostVlaanderen,VlaamsBrabant,WestVlaanderen
0,2020-03-15,7,1,7,26,9,4,3,0,5,2,6
1,2020-03-16,10,3,11,28,7,2,0,1,4,13,9
2,2020-03-17,20,3,16,27,22,5,2,0,10,9,11
3,2020-03-18,35,5,18,25,22,13,3,4,24,5,25
4,2020-03-19,42,2,33,32,18,21,10,1,22,10,22
5,2020-03-20,46,4,29,42,31,30,9,11,50,17,25
6,2020-03-21,48,6,40,31,37,38,11,9,52,17,33
7,2020-03-22,51,6,41,37,29,35,8,4,20,20,27
8,2020-03-23,57,3,21,44,24,23,4,9,22,32,29
9,2020-03-24,92,8,52,38,61,28,8,11,51,23,48
10,2020-03-25,107,9,69,46,64,53,10,18,53,31,83
11,2020-03-26,78,7,76,50,54,60,17,13,43,38,58
12,2020-03-27,88,12,93,55,91,75,16,11,53,23,70
13,2020-03-28,131,8,90,84,48,52,15,16,77,47,74
14,2020-03-29,64,7,98,69,62,50,11,22,72,29,61
15,2020-03-30,85,9,53,54,41,66,12,13,78,26,49
16,2020-03-31,85,6,101,54,87,58,6,16,67,22,48
17,2020-04-01,111,5,85,70,46,73,19,20,67,42,61
18,2020-04-02,89,7,107,47,54,88,14,19,56,31,60
19,2020-04-03,75,6,62,46,67,37,15,8,52,26,108
20,2020-04-04,71,7,75,58,43,63,11,12,73,23,66
21,2020-04-05,61,6,66,41,34,32,3,14,41,26,36
22,2020-04-06,56,4,47,32,32,36,11,6,50,17,33
23,2020-04-07,74,5,79,45,45,45,12,15,61,31,63
24,2020-04-08,57,9,68,52,59,53,12,39,48,22,45
25,2020-04-09,65,9,80,67,42,49,13,26,49,22,45
26,2020-04-10,54,5,59,57,45,46,9,17,61,29,49
27,2020-04-11,59,5,43,64,47,39,8,15,53,17,42
28,2020-04-12,41,8,49,40,24,18,3,8,26,20,40
29,2020-04-13,35,2,37,25,23,20,6,10,31,14,41
30,2020-04-14,44,2,31,34,30,8,10,9,39,11,35
31,2020-04-15,40,2,45,29,32,31,7,7,43,18,63
32,2020-04-16,41,2,46,63,35,19,7,17,40,21,22
33,2020-04-17,51,2,47,48,31,26,4,10,32,21,34
34,2020-04-18,24,0,38,42,41,37,7,7,35,13,21
35,2020-04-19,33,2,36,30,27,25,3,9,27,13,22
36,2020-04-20,30,0,18,46,12,12,1,17,20,6,22
37,2020-04-21,38,3,27,53,22,31,7,8,28,17,28
38,2020-04-22,24,0,44,49,14,23,3,14,20,7,18
39,2020-04-23,29,3,36,34,12,21,7,5,19,9,29
40,2020-04-24,34,2,36,41,22,24,2,4,17,14,25
41,2020-04-25,36,4,30,27,28,4,4,7,29,16,18
42,2020-04-26,15,1,26,22,16,11,2,7,17,4,9
43,2020-04-27,27,0,24,23,7,11,3,6,12,5,11
44,2020-04-28,27,0,25,20,14,19,0,13,14,13,20
45,2020-04-29,25,2,26,29,26,14,6,6,21,10,20
46,2020-04-30,23,3,30,24,17,17,1,9,8,7,14
47,2020-05-01,20,3,15,14,21,12,1,7,20,8,13
48,2020-05-02,23,0,6,12,7,12,1,4,13,0,4
49,2020-05-03,16,0,8,8,11,3,0,1,2,4,9
50,2020-05-04,22,1,18,12,5,1,0,6,14,5,8
51,2020-05-05,15,1,18,28,24,4,3,6,8,6,10
52,2020-05-06,30,2,16,12,9,10,0,2,7,7,6
53,2020-05-07,25,0,18,21,8,8,1,7,12,6,16
54,2020-05-08,15,0,13,14,9,8,0,4,5,3,8
55,2020-05-09,11,2,16,8,10,5,3,2,8,7,13
56,2020-05-10,8,2,10,13,3,6,0,3,10,3,4
57,2020-05-11,12,1,9,2,10,3,0,2,0,3,6
58,2020-05-12,17,1,9,12,4,8,1,2,9,3,8
59,2020-05-13,14,0,10,14,6,7,2,5,8,4,13
60,2020-05-14,9,0,5,12,3,5,2,4,8,1,17
61,2020-05-15,10,1,14,7,6,5,1,2,4,3,12
62,2020-05-16,11,0,12,11,4,10,1,2,3,2,6
63,2020-05-17,4,0,3,6,6,2,1,1,9,2,11
64,2020-05-18,7,0,12,5,4,2,1,3,4,3,11
65,2020-05-19,9,1,9,6,5,2,0,4,6,5,12
66,2020-05-20,13,2,10,10,10,1,0,7,6,1,17
67,2020-05-21,11,1,6,2,17,5,0,4,5,0,12
68,2020-05-22,8,0,6,4,3,3,1,0,6,0,6
69,2020-05-23,13,0,7,6,7,6,0,2,4,4,7
70,2020-05-24,9,0,4,6,2,1,0,1,2,0,6
71,2020-05-25,8,0,6,3,13,1,0,0,1,1,6
72,2020-05-26,7,0,5,4,0,6,5,1,5,0,6
73,2020-05-27,9,0,9,3,6,3,3,2,5,3,10
74,2020-05-28,5,0,2,2,5,4,0,0,3,0,7
75,2020-05-29,4,0,5,5,3,4,0,1,3,0,3
76,2020-05-30,10,0,3,7,5,2,0,1,2,0,12
77,2020-05-31,7,0,3,0,2,2,1,1,4,1,5
78,2020-06-01,5,0,7,3,3,1,1,0,2,0,7
79,2020-06-02,7,2,8,2,4,3,0,2,1,0,7
80,2020-06-03,7,0,1,4,3,2,1,1,2,1,0
81,2020-06-04,5,2,7,4,4,2,1,2,2,1,4
82,2020-06-05,11,0,5,1,2,2,0,0,4,2,3
83,2020-06-06,2,0,4,1,3,2,0,1,3,1,6
84,2020-06-07,2,0,11,3,3,0,0,2,1,1,1
85,2020-06-08,3,0,2,5,4,1,0,1,1,0,1
86,2020-06-09,4,0,5,4,5,0,0,0,1,1,4
87,2020-06-10,6,0,5,2,3,1,0,0,1,1,1
88,2020-06-11,6,0,5,6,7,0,1,0,4,0,4
89,2020-06-12,5,0,4,7,0,0,1,1,1,4,2
90,2020-06-13,1,0,3,5,0,0,0,0,0,0,2
91,2020-06-14,3,0,4,2,2,1,0,1,1,0,2
92,2020-06-15,1,0,4,1,1,1,0,0,2,0,2
93,2020-06-16,7,0,4,11,0,1,3,0,1,0,0
94,2020-06-17,2,0,5,0,4,1,1,0,1,1,4
95,2020-06-18,3,0,5,6,1,2,0,0,0,1,3
96,2020-06-19,5,0,4,2,0,2,0,0,5,0,3
97,2020-06-20,3,0,2,6,2,1,1,0,2,1,0
98,2020-06-21,3,0,0,1,3,1,2,0,1,1,0
99,2020-06-22,5,0,1,0,5,0,1,0,2,0,0
100,2020-06-23,0,0,1,2,2,5,0,0,1,0,1
101,2020-06-24,4,1,2,1,3,1,0,0,1,0,3
102,2020-06-25,4,1,3,1,5,2,2,0,0,1,2
103,2020-06-26,1,0,5,5,3,0,1,0,2,0,1
104,2020-06-27,2,0,1,3,2,1,3,0,1,1,2
105,2020-06-28,3,0,1,0,0,0,0,0,2,0,1
106,2020-06-29,1,0,6,1,1,0,1,0,0,0,4
107,2020-06-30,2,0,0,0,3,1,0,0,3,1,7
108,2020-07-01,2,0,0,0,0,0,0,0,3,0,4
109,2020-07-02,1,0,2,1,2,0,0,0,2,1,4
110,2020-07-03,1,0,1,2,2,0,0,0,0,0,0
111,2020-07-04,1,0,1,4,2,3,0,0,3,0,2
112,2020-07-05,3,0,0,1,0,1,0,0,1,0,1
113,2020-07-06,1,2,1,0,1,0,0,0,2,0,3
114,2020-07-07,2,0,0,0,2,2,0,0,2,2,7
115,2020-07-08,1,0,4,1,2,0,0,0,0,0,1
116,2020-07-09,1,0,0,0,0,0,0,1,4,1,4
117,2020-07-10,0,0,1,0,0,0,0,0,1,0,4
118,2020-07-11,4,0,2,0,3,0,0,0,0,0,2
119,2020-07-12,0,0,2,0,1,0,0,0,0,0,4
120,2020-07-13,0,0,1,1,1,1,0,0,2,0,3
121,2020-07-14,1,0,3,5,3,2,0,0,0,0,4
122,2020-07-15,2,0,2,3,1,0,0,0,3,0,0
123,2020-07-16,2,0,1,1,0,0,0,0,0,0,9
124,2020-07-17,3,0,3,0,0,2,0,0,0,0,3
125,2020-07-18,9,1,1,1,2,1,0,0,0,1,11
126,2020-07-19,7,0,1,4,1,1,0,0,0,0,4
127,2020-07-20,3,0,3,0,4,1,0,0,1,0,2
128,2020-07-21,4,0,1,0,0,0,0,0,0,0,3
129,2020-07-22,4,0,2,3,1,2,0,0,4,0,7
130,2020-07-23,12,0,4,4,4,1,0,0,1,1,6
131,2020-07-24,9,0,6,2,2,3,1,1,3,0,7
132,2020-07-25,8,1,4,2,3,0,0,0,2,1,5
133,2020-07-26,5,0,3,1,2,1,0,0,2,0,1
134,2020-07-27,14,0,3,1,0,2,1,0,2,0,5
135,2020-07-28,21,0,8,2,3,3,0,0,0,0,4
136,2020-07-29,7,1,11,1,4,3,2,1,2,0,3
137,2020-07-30,15,0,5,2,0,4,0,0,1,0,3
138,2020-07-31,13,0,2,1,0,3,0,0,0,0,0
139,2020-08-01,10,0,3,4,0,6,0,2,1,0,3
140,2020-08-02,13,0,3,5,0,5,0,0,2,1,0
141,2020-08-03,11,0,10,1,0,1,0,0,1,2,3
142,2020-08-04,9,0,8,0,1,2,0,0,0,0,0
143,2020-08-05,16,0,15,2,1,6,1,1,2,2,4
144,2020-08-06,14,0,6,3,2,4,0,0,1,0,3
145,2020-08-07,11,0,9,1,2,4,0,0,4,1,1
146,2020-08-08,16,0,10,4,0,3,0,2,1,0,2
147,2020-08-09,8,0,3,3,1,3,0,3,2,0,0
148,2020-08-10,21,0,10,0,2,1,1,1,4,1,0
149,2020-08-11,15,0,12,6,2,3,0,4,4,2,4
150,2020-08-12,12,1,10,3,1,1,0,1,1,0,5
151,2020-08-13,14,0,10,4,2,6,0,1,5,2,2
152,2020-08-14,7,1,9,2,2,6,0,1,2,1,2
153,2020-08-15,17,0,10,1,0,6,0,1,3,2,3
154,2020-08-16,8,0,10,3,0,2,0,1,4,0,1
155,2020-08-17,12,0,2,0,0,2,1,0,3,0,1
156,2020-08-18,9,0,16,1,0,6,1,0,1,0,1
157,2020-08-19,11,0,16,2,1,5,0,1,3,0,0
158,2020-08-20,8,0,11,1,1,3,0,0,5,0,1
159,2020-08-21,11,0,10,2,1,1,0,0,3,2,1
160,2020-08-22,9,1,4,4,1,2,0,0,4,1,0
161,2020-08-23,5,0,5,2,0,2,0,0,1,0,3
162,2020-08-24,5,1,3,3,0,3,0,0,1,1,0
163,2020-08-25,1,0,3,0,1,2,0,0,2,3,0
164,2020-08-26,6,0,11,1,0,0,0,0,0,1,2
165,2020-08-27,3,0,8,5,0,2,0,0,2,0,1
166,2020-08-28,5,0,5,2,1,2,1,0,1,2,0
167,2020-08-29,3,1,3,0,0,0,0,0,0,0,1
168,2020-08-30,2,0,2,1,1,2,0,0,6,0,0
169,2020-08-31,7,0,2,2,0,1,0,0,3,0,3
170,2020-09-01,7,1,6,1,5,2,0,0,6,0,0
171,2020-09-02,5,0,10,1,4,1,1,0,3,1,0
172,2020-09-03,7,0,2,1,1,1,0,0,1,0,0
173,2020-09-04,7,0,6,1,0,2,0,2,2,1,1
174,2020-09-05,6,0,2,2,1,1,0,2,1,0,1
175,2020-09-06,5,0,5,1,0,1,0,1,3,0,1
176,2020-09-07,4,0,17,1,1,3,0,0,0,0,0
177,2020-09-08,6,1,15,6,0,4,0,0,7,0,3
178,2020-09-09,4,0,3,4,0,2,0,0,6,1,4
179,2020-09-10,9,0,6,0,2,5,0,0,2,1,4
180,2020-09-11,6,0,13,2,0,2,1,1,3,0,3
181,2020-09-12,6,0,9,5,1,6,0,0,5,0,3
182,2020-09-13,10,0,14,5,1,1,2,3,3,1,1
183,2020-09-14,8,0,13,4,1,2,0,0,1,2,3
184,2020-09-15,7,1,14,4,2,8,1,0,8,2,3
185,2020-09-16,11,1,17,4,2,5,0,0,5,0,1
186,2020-09-17,6,0,16,5,4,9,0,0,3,1,5
187,2020-09-18,17,0,9,6,0,7,2,0,11,1,5
188,2020-09-19,13,2,13,7,2,5,0,0,12,1,3
189,2020-09-20,7,0,8,12,5,9,0,1,4,0,4
190,2020-09-21,7,1,29,6,1,3,1,0,9,1,3
191,2020-09-22,18,0,21,7,3,5,0,4,11,2,5
192,2020-09-23,7,1,22,4,2,16,0,1,5,9,7
193,2020-09-24,22,0,24,7,3,9,1,0,16,7,4
194,2020-09-25,13,2,20,7,2,12,0,1,6,5,6
195,2020-09-26,10,0,13,10,1,7,1,1,7,1,3
196,2020-09-27,12,2,18,1,3,6,1,0,7,1,0
197,2020-09-28,19,0,23,12,2,5,0,1,4,3,5
198,2020-09-29,19,0,30,9,5,16,0,1,3,4,4
199,2020-09-30,9,0,34,7,6,9,1,2,17,0,4
200,2020-10-01,15,2,33,10,4,9,0,1,8,4,4
201,2020-10-02,19,1,11,9,3,9,0,6,5,9,3
202,2020-10-03,14,0,20,12,4,16,0,0,6,6,1
203,2020-10-04,15,0,18,24,5,12,3,2,9,3,0
204,2020-10-05,16,2,30,11,2,11,1,3,8,3,4
205,2020-10-06,20,4,28,16,3,12,1,4,17,0,8
206,2020-10-07,34,2,38,16,8,13,4,9,11,5,5
207,2020-10-08,20,2,37,17,2,28,0,4,14,3,4
208,2020-10-09,21,3,29,22,5,31,3,6,12,4,15
209,2020-10-10,20,7,32,23,5,29,3,20,11,5,10
210,2020-10-11,26,3,22,22,1,27,3,9,11,8,9
211,2020-10-12,28,5,35,24,8,33,3,8,14,8,13
212,2020-10-13,32,1,43,37,1,39,5,12,24,6,24
213,2020-10-14,35,6,49,49,6,41,7,20,32,6,15
214,2020-10-15,36,6,56,50,6,61,4,17,28,7,21
215,2020-10-16,32,3,27,65,9,40,15,9,23,5,24
216,2020-10-17,44,11,63,63,14,78,7,15,31,6,33
217,2020-10-18,29,6,51,45,11,54,9,16,23,8,19
218,2020-10-19,27,6,72,51,6,38,6,27,18,7,16
219,2020-10-20,43,13,91,71,15,70,10,21,31,19,44
220,2020-10-21,51,11,86,97,19,64,8,19,46,14,22
221,2020-10-22,67,13,106,94,14,92,10,22,47,15,40
222,2020-10-23,70,17,113,101,20,133,11,24,54,20,54
223,2020-10-24,76,31,113,82,15,91,13,27,74,21,67
224,2020-10-25,68,11,97,84,20,100,11,22,63,8,45
225,2020-10-26,70,27,61,119,20,96,3,26,71,13,39
226,2020-10-27,70,14,123,135,26,91,13,33,97,25,80
227,2020-10-28,59,34,124,144,27,146,11,35,73,27,79
228,2020-10-29,66,22,115,140,20,102,12,30,87,23,71
229,2020-10-30,102,24,112,162,22,87,9,40,92,19,79
230,2020-10-31,88,17,115,118,16,111,17,24,96,27,78
231,2020-11-01,81,13,64,94,41,90,16,33,65,14,67
232,2020-11-02,62,9,71,149,22,81,14,26,61,37,80
233,2020-11-03,99,27,113,177,32,133,19,33,114,32,120
234,2020-11-04,76,13,102,147,28,78,21,28,76,17,89
235,2020-11-05,73,11,83,133,20,72,10,22,65,18,70
236,2020-11-06,68,16,69,123,21,91,11,27,77,18,85
237,2020-11-07,62,11,76,116,13,63,10,25,71,21,48
238,2020-11-08,52,7,45,86,12,60,11,20,44,18,60
239,2020-11-09,53,4,66,87,20,51,9,20,66,12,55
240,2020-11-10,77,14,92,119,22,67,12,29,76,29,81
241,2020-11-11,68,15,76,117,23,66,16,26,63,21,74
242,2020-11-12,36,10,70,90,24,48,7,15,52,18,44
243,2020-11-13,68,16,71,118,14,69,15,24,62,14,55
244,2020-11-14,53,10,70,93,17,54,1,20,65,20,58
245,2020-11-15,41,6,35,60,19,26,8,11,50,8,41
246,2020-11-16,42,7,34,45,20,29,12,7,40,9,40
247,2020-11-17,43,12,48,78,23,53,7,20,40,6,50
248,2020-11-18,40,7,43,69,28,40,15,17,45,10,44
249,2020-11-19,50,4,50,66,18,49,11,7,46,10,52
250,2020-11-20,36,6,44,58,14,29,19,11,45,10,51
251,2020-11-21,43,5,40,41,7,26,7,11,35,16,30
252,2020-11-22,25,8,25,46,11,20,4,1,31,12,32
253,2020-11-23,25,5,27,33,13,25,5,7,28,7,36
254,2020-11-24,47,9,40,48,19,18,2,9,54,13,46
255,2020-11-25,39,4,47,46,13,37,4,9,44,10,32
256,2020-11-26,29,5,29,55,17,29,6,5,33,11,38
257,2020-11-27,34,5,23,38,14,28,6,14,30,8,34
258,2020-11-28,46,3,27,29,10,16,0,10,46,4,34
259,2020-11-29,15,2,17,19,6,8,2,4,32,8,36
260,2020-11-30,16,1,25,16,4,7,5,6,17,5,21
261,2020-12-01,36,2,24,27,13,26,6,7,29,9,29
262,2020-12-02,31,3,34,41,12,26,2,8,31,8,42
263,2020-12-03,21,1,23,42,14,15,6,10,27,9,28
264,2020-12-04,24,3,34,46,10,17,3,11,25,5,43
265,2020-12-05,29,3,19,43,13,18,7,6,49,10,29
266,2020-12-06,30,1,14,23,6,13,2,8,18,7,29
267,2020-12-07,18,3,17,23,5,11,3,4,26,14,23
268,2020-12-08,22,0,27,44,7,22,6,12,24,6,45
269,2020-12-09,20,4,19,26,12,16,8,10,26,12,32
270,2020-12-10,24,2,34,31,12,18,3,12,27,8,36
271,2020-12-11,26,4,16,34,9,13,5,6,34,12,25
272,2020-12-12,35,2,19,30,11,6,4,12,31,9,26
273,2020-12-13,28,2,19,28,7,17,2,7,33,4,40
274,2020-12-14,18,0,17,17,4,16,1,9,10,4,29
275,2020-12-15,38,1,21,28,20,12,3,9,27,11,55
276,2020-12-16,30,2,22,34,8,21,5,11,36,8,24
277,2020-12-17,28,2,33,30,8,22,6,7,23,5,44
278,2020-12-18,31,0,19,19,12,35,7,6,31,8,33
279,2020-12-19,21,2,20,36,15,18,3,15,29,3,36
280,2020-12-20,23,3,14,11,10,7,3,7,27,4,24
281,2020-12-21,16,2,20,14,5,10,3,4,27,5,33
282,2020-12-22,25,5,22,33,15,18,5,10,38,12,36
283,2020-12-23,30,6,16,23,21,13,3,6,29,3,40
284,2020-12-24,41,2,14,30,16,20,5,7,37,7,32
285,2020-12-25,17,2,11,18,9,14,6,4,32,12,26
286,2020-12-26,29,1,3,9,6,9,2,2,14,4,16
287,2020-12-27,20,0,10,27,13,15,2,7,32,2,30
288,2020-12-28,23,4,21,26,14,10,3,3,20,5,21
289,2020-12-29,37,9,19,25,17,25,1,6,29,4,36
290,2020-12-30,25,3,16,21,8,24,2,2,17,6,35
291,2020-12-31,18,3,11,16,17,18,3,6,13,5,35
292,2021-01-01,20,10,11,25,7,16,3,4,16,4,34
293,2021-01-02,18,3,7,17,8,7,2,5,15,4,24
294,2021-01-03,17,1,14,18,17,13,2,5,26,6,18
295,2021-01-04,17,0,11,15,7,9,3,3,22,2,21
296,2021-01-05,24,2,19,21,12,10,1,3,19,2,36
297,2021-01-06,15,1,19,25,8,15,2,9,16,6,29
298,2021-01-07,27,2,17,19,21,16,0,2,16,8,28
299,2021-01-08,24,2,17,23,8,17,1,7,17,2,23
300,2021-01-09,24,4,11,18,11,15,4,1,12,8,29
301,2021-01-10,10,0,5,8,7,9,0,4,14,6,22
302,2021-01-11,13,3,10,5,10,17,6,0,12,6,12
303,2021-01-12,17,1,25,18,17,19,1,1,19,4,17
304,2021-01-13,20,6,19,18,11,10,1,2,21,10,24
305,2021-01-14,23,3,20,21,10,12,0,4,9,6,25
306,2021-01-15,19,3,15,18,17,10,3,2,19,4,32
307,2021-01-16,19,1,11,12,9,13,2,3,17,5,19
308,2021-01-17,15,5,9,10,8,5,1,2,12,0,12
309,2021-01-18,20,4,16,12,6,6,2,4,17,7,11
310,2021-01-19,22,3,29,24,15,21,2,1,23,10,37
311,2021-01-20,18,4,11,24,10,15,0,3,21,10,28
312,2021-01-21,17,5,22,20,9,15,3,3,20,10,24
313,2021-01-22,26,4,22,15,15,15,1,3,31,7,19
314,2021-01-23,19,3,16,22,10,5,3,8,18,3,36
315,2021-01-24,11,2,9,12,12,6,1,1,23,10,19
316,2021-01-25,12,2,8,8,13,2,3,3,15,4,22
317,2021-01-26,19,3,13,25,19,9,3,6,25,6,25
318,2021-01-27,12,6,13,23,8,10,2,0,20,7,20
319,2021-01-28,18,2,11,24,9,9,2,5,32,8,18
320,2021-01-29,15,3,18,10,14,11,2,4,22,4,16
321,2021-01-30,27,4,12,18,14,6,0,6,18,3,29
322,2021-01-31,11,0,10,7,6,7,0,2,11,6,17
323,2021-02-01,20,4,16,14,13,15,1,7,16,2,20
324,2021-02-02,11,5,13,33,16,7,0,5,17,8,27
325,2021-02-03,19,7,17,16,10,11,2,4,28,7,21
326,2021-02-04,19,1,21,19,15,10,4,3,27,7,15
327,2021-02-05,30,1,19,10,18,11,1,10,19,6,19
328,2021-02-06,18,8,13,16,11,5,1,4,16,5,26
329,2021-02-07,21,2,7,20,8,7,0,5,19,1,18
330,2021-02-08,15,0,9,10,4,6,0,4,7,4,13
331,2021-02-09,14,5,18,26,8,7,2,5,43,8,27
332,2021-02-10,20,3,17,25,8,8,0,4,18,2,27
333,2021-02-11,21,10,12,25,13,14,2,1,18,5,16
334,2021-02-12,8,8,18,17,14,4,1,3,21,5,33
335,2021-02-13,6,1,7,10,13,13,3,2,25,0,27
336,2021-02-14,14,3,14,17,4,7,2,1,11,2,16
337,2021-02-15,13,1,10,9,3,9,0,1,24,3,11
338,2021-02-16,17,6,18,26,12,7,3,3,24,1,28
339,2021-02-17,22,8,21,25,7,12,0,2,20,3,21
340,2021-02-18,13,0,17,20,17,10,5,5,25,9,21
341,2021-02-19,15,7,19,12,8,7,4,7,24,2,20
342,2021-02-20,11,5,18,15,19,9,0,4,15,0,16
343,2021-02-21,8,5,18,13,7,4,1,2,17,2,11
344,2021-02-22,28,4,19,10,5,10,2,4,19,8,6
345,2021-02-23,23,4,22,21,12,4,2,7,26,8,26
346,2021-02-24,15,6,28,23,12,12,2,7,26,3,16
347,2021-02-25,17,3,22,14,8,7,1,9,37,4,20
348,2021-02-26,27,3,36,30,17,15,7,9,29,2,29
349,2021-02-27,27,4,14,25,10,7,7,5,19,9,29
350,2021-02-28,20,2,21,17,7,2,3,6,20,3,26
351,2021-03-01,26,2,21,15,4,9,0,5,12,2,11
352,2021-03-02,22,2,22,33,6,12,2,8,35,5,29
353,2021-03-03,19,3,27,22,11,10,5,11,23,4,17
354,2021-03-04,29,1,35,21,11,11,9,10,23,5,16
355,2021-03-05,30,1,16,32,6,8,3,8,21,7,20
356,2021-03-06,26,2,19,24,11,7,3,4,22,2,21
357,2021-03-07,25,2,24,16,13,6,1,10,8,3,14
358,2021-03-08,24,3,17,13,9,4,4,6,20,1,12
359,2021-03-09,27,6,22,39,15,10,4,11,38,7,23
360,2021-03-10,35,1,27,30,6,4,1,8,20,4,18
361,2021-03-11,17,2,21,23,6,2,2,6,37,7,16
362,2021-03-12,23,4,36,25,7,5,1,14,30,5,20
363,2021-03-13,31,4,31,34,13,14,1,13,27,5,22
364,2021-03-14,25,2,25,19,13,4,6,13,24,1,27
365,2021-03-15,20,4,26,30,7,3,2,10,29,5,14
366,2021-03-16,24,2,37,36,15,8,7,8,38,4,29
367,2021-03-17,37,2,38,28,20,8,4,11,26,8,25
368,2021-03-18,25,5,35,37,10,17,7,12,32,8,20
369,2021-03-19,19,5,32,37,10,11,2,11,33,9,13
370,2021-03-20,36,2,44,42,13,7,3,17,40,6,33
371,2021-03-21,32,3,27,22,21,10,4,14,24,6,22
372,2021-03-22,30,8,32,31,10,8,5,8,30,11,28
373,2021-03-23,32,5,49,44,15,15,9,16,38,18,41
374,2021-03-24,32,2,52,37,11,16,7,14,41,8,31
375,2021-03-25,38,2,39,42,13,15,5,9,44,8,27
376,2021-03-26,25,8,29,47,17,8,7,12,23,10,22
377,2021-03-27,39,13,46,39,22,12,10,11,46,8,50
378,2021-03-28,24,7,41,39,10,11,9,16,28,4,24
379,2021-03-29,26,8,36,21,12,13,13,12,23,11,24
380,2021-03-30,41,11,47,54,31,14,6,13,53,16,33
381,2021-03-31,48,3,45,44,15,19,5,31,51,8,40
382,2021-04-01,33,3,58,45,30,16,6,18,35,9,37
383,2021-04-02,29,7,46,72,14,20,10,13,35,11,39
384,2021-04-03,36,5,40,33,21,24,6,21,32,10,31
385,2021-04-04,16,6,26,35,9,9,4,11,27,11,17
386,2021-04-05,37,6,34,42,18,12,10,14,30,9,18
387,2021-04-06,29,9,26,46,11,17,10,17,31,11,28
388,2021-04-07,34,12,48,52,32,20,15,22,48,10,40
389,2021-04-08,31,3,43,46,20,20,6,18,39,5,19
390,2021-04-09,37,2,53,39,18,20,11,18,38,11,28
391,2021-04-10,34,5,30,38,26,17,6,11,35,14,39
392,2021-04-11,26,3,28,35,23,10,8,13,24,8,24
393,2021-04-12,32,2,36,29,19,18,6,14,34,16,19
394,2021-04-13,29,5,35,43,19,27,7,12,56,9,25
395,2021-04-14,25,3,36,41,12,21,6,10,24,9,30
396,2021-04-15,35,2,41,41,19,26,5,14,33,6,17
397,2021-04-16,23,2,47,46,19,22,9,15,33,11,22
398,2021-04-17,45,2,37,35,24,28,6,9,33,8,18
399,2021-04-18,33,4,28,47,10,16,6,6,26,7,18
400,2021-04-19,30,4,37,30,15,21,10,10,19,8,26
401,2021-04-20,40,2,57,45,24,22,7,21,38,14,33
402,2021-04-21,32,5,36,44,15,17,9,11,29,11,35
403,2021-04-22,34,6,40,40,22,23,7,10,24,6,19
404,2021-04-23,34,4,32,32,13,27,2,14,30,10,24
405,2021-04-24,40,1,35,37,20,26,4,6,27,13,19
406,2021-04-25,26,3,31,19,4,14,6,8,25,4,22
407,2021-04-26,17,2,23,22,9,23,4,11,21,6,18
408,2021-04-27,19,3,45,43,17,22,11,9,28,9,25
409,2021-04-28,25,6,31,46,10,23,2,9,23,6,29
410,2021-04-29,37,2,37,29,6,29,9,8,20,6,23
411,2021-04-30,27,3,30,42,24,12,6,5,17,7,18
412,2021-05-01,27,3,31,32,12,28,4,12,25,10,11
413,2021-05-02,27,4,26,23,19,15,3,3,19,5,17
414,2021-05-03,28,2,19,23,12,21,2,4,16,8,18
415,2021-05-04,17,1,32,35,20,13,7,4,22,14,26
416,2021-05-05,31,3,25,25,13,24,2,6,15,9,11
417,2021-05-06,18,4,27,35,14,9,3,5,11,7,12
418,2021-05-07,27,3,15,36,16,21,2,5,16,4,18
419,2021-05-08,27,5,26,22,11,19,5,8,20,4,17
420,2021-05-09,24,0,22,56,12,8,3,4,12,4,14
421,2021-05-10,29,1,10,23,14,11,7,6,20,5,8
422,2021-05-11,25,2,22,25,18,11,6,4,16,7,30
423,2021-05-12,23,1,14,32,13,13,9,6,14,8,15
424,2021-05-13,23,0,12,29,15,14,2,6,19,7,17
425,2021-05-14,19,1,15,14,13,6,2,5,12,2,13
426,2021-05-15,24,2,28,39,10,10,3,10,21,3,18
427,2021-05-16,15,0,17,18,12,12,2,4,13,2,10
428,2021-05-17,17,2,20,19,4,7,1,5,9,2,13
429,2021-05-18,17,4,20,28,13,15,1,6,11,2,14
430,2021-05-19,25,2,23,20,8,10,1,5,22,6,19
431,2021-05-20,25,3,5,32,5,14,2,2,13,5,15
432,2021-05-21,19,5,22,23,10,10,4,7,7,7,13
433,2021-05-22,17,0,12,38,6,13,2,3,12,4,16
434,2021-05-23,11,2,16,14,6,9,0,5,12,2,11
435,2021-05-24,7,3,11,13,11,11,2,1,8,2,7
436,2021-05-25,16,2,18,11,10,7,3,4,6,3,10
437,2021-05-26,17,2,13,17,11,12,1,7,14,6,10
438,2021-05-27,10,0,17,20,4,12,0,2,13,3,10
439,2021-05-28,17,2,11,18,3,8,2,3,6,1,12
440,2021-05-29,6,3,13,13,9,15,1,8,15,3,6
441,2021-05-30,12,1,9,9,6,11,2,5,9,2,3
442,2021-05-31,8,0,8,9,8,6,1,3,6,4,3
443,2021-06-01,14,2,8,19,8,8,1,3,7,8,14
444,2021-06-02,19,2,12,5,5,10,0,0,8,8,12
445,2021-06-03,9,2,10,25,4,7,0,3,6,3,6
446,2021-06-04,11,0,14,21,2,5,2,4,7,1,7
447,2021-06-05,16,4,10,15,6,10,0,0,4,1,10
448,2021-06-06,10,1,8,6,2,7,1,2,3,1,5
449,2021-06-07,7,0,11,4,3,7,0,3,2,2,3
450,2021-06-08,13,2,20,18,1,7,0,2,4,1,5
451,2021-06-09,11,4,8,17,3,8,0,1,6,2,5
452,2021-06-10,8,2,12,9,2,7,0,1,4,0,3
453,2021-06-11,8,1,7,9,2,0,1,1,3,6,9
454,2021-06-12,10,0,10,9,3,3,2,0,3,2,3
455,2021-06-13,3,0,5,3,2,3,0,2,4,1,2
456,2021-06-14,7,2,5,10,3,2,0,1,2,4,4
457,2021-06-15,9,1,8,11,1,8,0,2,2,2,1
458,2021-06-16,4,1,5,4,2,3,0,1,3,1,3
459,2021-06-17,2,0,9,3,3,6,1,0,5,1,3
460,2021-06-18,3,1,7,4,3,0,0,1,0,2,8
461,2021-06-19,6,0,6,14,0,4,0,0,2,1,0
462,2021-06-20,6,0,3,9,1,2,0,1,2,1,3
463,2021-06-21,3,0,7,4,1,2,0,0,2,4,4
464,2021-06-22,5,0,7,1,1,2,0,0,3,4,1
465,2021-06-23,2,2,6,8,3,3,0,0,2,0,3
466,2021-06-24,5,0,7,10,1,3,0,0,3,1,0
467,2021-06-25,4,0,1,1,2,0,0,0,5,0,2
468,2021-06-26,4,1,5,8,2,1,1,1,0,1,0
469,2021-06-27,2,0,3,4,0,0,0,1,2,0,0
470,2021-06-28,2,1,4,4,0,1,0,0,2,0,1
471,2021-06-29,5,1,4,3,1,1,1,0,0,1,1
472,2021-06-30,3,0,4,3,1,2,0,1,0,0,0
473,2021-07-01,1,0,2,1,0,0,0,0,1,2,0
474,2021-07-02,3,0,3,5,0,4,0,1,3,2,1
475,2021-07-03,2,0,3,6,1,0,0,1,1,0,3
476,2021-07-04,1,0,1,3,0,4,0,0,2,1,4
477,2021-07-05,3,0,2,1,0,2,0,0,3,0,0
478,2021-07-06,3,1,6,5,2,0,0,0,4,0,3
479,2021-07-07,3,0,11,5,1,0,1,0,2,2,3
480,2021-07-08,2,0,2,1,0,0,0,0,1,1,0
481,2021-07-09,2,0,4,4,0,2,0,0,5,1,2
482,2021-07-10,4,0,4,1,1,2,0,0,1,2,1
483,2021-07-11,1,0,3,4,3,0,0,0,0,0,1
484,2021-07-12,4,0,2,2,0,0,1,1,0,2,3
485,2021-07-13,3,1,10,5,0,2,0,0,2,3,2
486,2021-07-14,1,1,7,5,2,1,1,0,1,2,1
487,2021-07-15,5,1,8,2,0,3,1,1,1,4,3
488,2021-07-16,4,1,7,8,0,1,1,1,2,0,2
489,2021-07-17,6,0,8,4,0,1,0,2,4,0,3
490,2021-07-18,1,0,8,2,0,2,1,0,1,1,4
491,2021-07-19,7,1,8,1,1,1,1,1,1,3,2
492,2021-07-20,6,2,6,5,0,2,0,1,5,1,2
493,2021-07-21,5,0,4,2,3,1,1,1,8,2,1
494,2021-07-22,5,0,8,5,0,3,0,0,1,4,2
495,2021-07-23,3,0,6,5,0,3,0,0,8,1,1
496,2021-07-24,8,1,10,3,2,2,0,0,4,2,2
497,2021-07-25,4,0,7,4,3,1,0,0,2,3,3
498,2021-07-26,3,0,7,3,2,1,0,1,5,1,2
499,2021-07-27,9,0,10,5,1,4,1,0,4,2,3
500,2021-07-28,4,0,15,4,2,3,1,1,2,6,5
501,2021-07-29,6,0,15,7,2,2,0,1,1,0,3
502,2021-07-30,2,1,8,6,1,0,0,1,3,2,3
503,2021-07-31,5,0,10,6,3,2,1,1,5,1,8
504,2021-08-01,11,2,6,3,0,1,0,2,3,2,8
505,2021-08-02,9,0,8,6,4,6,2,0,1,3,2
506,2021-08-03,12,0,6,8,1,4,1,1,3,4,4
507,2021-08-04,8,0,11,8,1,4,1,0,2,1,4
508,2021-08-05,6,0,11,4,3,1,0,0,3,6,4
509,2021-08-06,5,0,11,3,3,8,0,2,2,1,8
510,2021-08-07,11,3,18,7,2,3,0,0,3,1,4
511,2021-08-08,8,1,12,3,0,5,0,0,8,3,5
512,2021-08-09,7,1,18,4,3,3,1,1,4,2,7
513,2021-08-10,12,1,18,5,2,11,1,3,2,1,8
514,2021-08-11,3,0,13,7,3,7,1,0,8,0,3
515,2021-08-12,11,0,8,16,1,8,2,0,6,2,4
516,2021-08-13,13,0,17,14,4,6,0,1,5,2,4
517,2021-08-14,8,2,18,6,1,3,1,1,8,2,3
518,2021-08-15,3,0,16,9,1,6,1,1,4,0,6
519,2021-08-16,9,1,15,5,2,2,2,3,5,3,2
520,2021-08-17,15,1,26,5,4,13,1,0,8,2,9
521,2021-08-18,13,0,17,3,2,12,1,4,6,5,3
522,2021-08-19,9,1,16,11,4,8,0,3,4,3,1
523,2021-08-20,9,0,17,3,1,7,1,1,3,0,7
524,2021-08-21,12,0,17,3,8,8,1,1,4,3,3
525,2021-08-22,8,1,17,0,1,7,2,1,4,2,4
526,2021-08-23,5,2,12,13,2,9,1,1,6,3,5
527,2021-08-24,17,0,15,6,3,8,3,3,7,1,11
528,2021-08-25,10,0,14,7,2,6,0,0,13,3,2
529,2021-08-26,8,2,20,6,4,6,1,0,5,2,3
530,2021-08-27,10,0,17,4,5,6,0,1,9,1,5
531,2021-08-28,11,1,15,12,3,14,0,2,4,2,5
532,2021-08-29,4,1,11,7,3,13,0,1,3,1,3
533,2021-08-30,10,0,13,9,4,6,2,1,7,1,5
534,2021-08-31,9,1,22,10,4,17,0,4,8,4,4
535,2021-09-01,7,1,25,6,5,14,0,1,3,1,3
536,2021-09-02,17,0,21,8,3,11,1,3,5,2,3
537,2021-09-03,9,2,10,12,3,8,2,4,10,1,5
538,2021-09-04,13,2,25,5,4,9,3,1,8,2,8
539,2021-09-05,9,0,17,4,3,15,0,1,3,1,3
540,2021-09-06,6,0,22,10,4,13,1,1,7,1,1
541,2021-09-07,10,0,29,12,2,14,1,5,3,5,1
542,2021-09-08,10,1,24,10,3,6,0,1,5,1,3
543,2021-09-09,11,0,20,9,2,8,0,1,7,3,3
544,2021-09-10,12,3,14,9,0,8,0,3,7,0,5
545,2021-09-11,6,1,14,2,2,9,5,1,1,2,4
546,2021-09-12,9,0,11,4,3,8,0,2,2,2,1
547,2021-09-13,7,0,16,4,5,12,0,2,2,2,8
548,2021-09-14,8,4,29,7,3,17,1,0,4,0,4
549,2021-09-15,8,0,10,13,2,9,0,3,8,4,5
550,2021-09-16,10,0,27,4,3,15,2,1,7,2,6
551,2021-09-17,3,1,18,10,2,8,3,0,2,2,7
552,2021-09-18,13,2,9,6,2,11,1,1,3,3,6
553,2021-09-19,10,2,8,1,0,12,1,1,1,5,2
554,2021-09-20,8,1,17,3,2,5,1,0,5,3,1
555,2021-09-21,5,0,18,9,2,16,0,0,3,2,5
556,2021-09-22,8,2,13,9,6,8,1,1,6,0,7
557,2021-09-23,10,2,15,14,4,7,1,0,7,1,4
558,2021-09-24,4,1,8,5,0,6,0,3,2,3,0
559,2021-09-25,6,2,12,1,2,13,1,2,3,2,8
560,2021-09-26,6,0,11,5,1,10,1,1,2,0,2
561,2021-09-27,7,0,13,8,1,16,1,3,1,2,3
562,2021-09-28,6,0,18,14,0,11,2,6,5,3,7
563,2021-09-29,12,2,16,4,4,8,1,2,8,5,4
564,2021-09-30,5,0,16,11,5,14,3,1,3,1,5
565,2021-10-01,10,0,13,6,8,15,1,1,2,3,3
566,2021-10-02,11,2,21,3,4,12,0,2,5,0,3
567,2021-10-03,4,0,23,2,0,6,1,3,0,2,3
568,2021-10-04,8,2,8,7,0,8,4,1,3,0,1
569,2021-10-05,5,1,19,13,2,19,0,1,6,2,7
570,2021-10-06,9,1,18,12,0,8,1,2,6,1,4
571,2021-10-07,6,1,15,7,1,11,1,2,2,7,1
572,2021-10-08,13,1,10,12,1,9,4,1,3,2,8
573,2021-10-09,9,0,12,9,3,12,0,1,2,3,2
574,2021-10-10,8,0,10,5,1,5,2,0,5,3,2
575,2021-10-11,12,2,10,6,1,7,1,2,4,1,4
576,2021-10-12,12,1,15,4,4,9,4,1,6,5,9
577,2021-10-13,11,3,14,7,3,14,0,4,4,2,8
578,2021-10-14,12,1,9,9,2,16,4,4,5,5,11
579,2021-10-15,7,0,13,4,3,15,3,1,4,3,8
580,2021-10-16,12,3,18,7,5,27,0,3,6,7,9
581,2021-10-17,10,2,7,13,3,6,3,3,8,1,3
582,2021-10-18,13,0,18,9,8,4,9,2,10,3,6
583,2021-10-19,17,2,12,16,6,22,3,0,6,5,18
584,2021-10-20,17,2,23,15,8,17,1,4,24,3,16
585,2021-10-21,12,3,23,14,7,23,2,2,6,5,24
586,2021-10-22,19,2,19,25,6,15,3,2,6,8,21
587,2021-10-23,11,6,24,9,6,17,5,4,11,4,17
588,2021-10-24,6,0,21,8,4,18,4,6,7,4,16
589,2021-10-25,15,3,19,12,13,21,8,3,11,4,13
590,2021-10-26,18,0,24,23,15,21,6,3,21,8,19
591,2021-10-27,26,3,26,17,9,26,4,3,15,4,25
592,2021-10-28,19,3,14,23,6,26,2,6,11,10,30
593,2021-10-29,20,4,30,21,11,30,3,6,20,5,35
594,2021-10-30,24,0,24,18,12,38,5,9,24,9,24
595,2021-10-31,16,2,9,14,9,23,3,7,5,1,23
596,2021-11-01,20,1,14,15,13,11,2,5,11,8,25
597,2021-11-02,22,4,25,17,9,32,6,2,12,12,27
598,2021-11-03,31,3,32,25,13,29,4,10,30,6,54
599,2021-11-04,32,2,22,33,10,27,4,7,20,11,33
600,2021-11-05,32,6,20,10,9,29,4,3,15,11,40
601,2021-11-06,30,1,32,20,12,24,2,3,20,7,27
602,2021-11-07,23,2,20,15,21,17,3,4,15,9,25
603,2021-11-08,27,2,20,23,11,24,4,3,21,15,25
604,2021-11-09,48,5,27,22,13,41,8,6,28,17,45
605,2021-11-10,46,1,33,39,22,41,3,10,33,14,49
606,2021-11-11,25,3,23,28,16,32,11,8,23,13,45
607,2021-11-12,22,5,15,12,20,39,2,4,19,13,26
608,2021-11-13,33,4,24,46,28,32,5,11,21,21,58
609,2021-11-14,35,3,21,27,21,25,5,6,28,8,30
610,2021-11-15,33,1,23,26,18,28,9,6,28,9,28
611,2021-11-16,52,4,40,37,25,34,11,4,26,15,40
612,2021-11-17,40,6,25,34,22,53,6,20,50,13,49
613,2021-11-18,43,6,33,35,25,47,6,8,39,13,40
614,2021-11-19,38,5,34,35,34,38,9,10,42,10,57
615,2021-11-20,32,4,27,32,45,25,8,8,50,9,54
616,2021-11-21,39,3,29,30,16,27,2,4,42,10,49
617,2021-11-22,28,4,25,33,27,29,4,7,33,14,39
618,2021-11-23,56,2,48,34,40,40,9,8,56,18,58
619,2021-11-24,48,5,31,35,34,42,7,16,49,11,66
620,2021-11-25,45,6,30,37,34,47,7,11,68,16,53
621,2021-11-26,58,3,34,28,31,31,6,9,48,19,56
622,2021-11-27,36,5,34,30,34,40,4,13,58,22,46
623,2021-11-28,54,6,15,24,11,24,4,4,46,17,40
624,2021-11-29,53,2,28,31,19,23,5,9,45,25,37
625,2021-11-30,67,6,33,41,31,49,6,14,49,16,74
626,2021-12-01,48,3,36,35,22,42,10,13,66,19,56
627,2021-12-02,50,4,32,36,25,42,5,6,40,34,51
628,2021-12-03,40,5,31,39,26,42,8,14,42,18,33
629,2021-12-04,52,3,34,28,36,27,6,7,58,12,49
630,2021-12-05,31,1,29,27,20,19,13,7,40,14,25
631,2021-12-06,32,4,20,25,20,18,5,7,32,11,34
632,2021-12-07,62,3,40,47,19,32,4,13,46,12,54
633,2021-12-08,58,5,24,39,19,32,5,13,42,15,43
634,2021-12-09,37,7,34,31,22,38,7,20,46,15,52
635,2021-12-10,41,3,35,39,17,33,2,21,44,12,45
636,2021-12-11,34,4,38,42,17,32,1,20,39,11,27
637,2021-12-12,20,0,21,27,15,16,4,28,24,10,42
638,2021-12-13,15,1,28,29,15,28,2,6,22,14,26
639,2021-12-14,48,6,49,36,11,28,9,14,27,12,48
640,2021-12-15,32,1,31,31,17,27,3,10,33,11,35
641,2021-12-16,24,1,24,18,16,25,5,8,23,17,25
642,2021-12-17,26,4,31,18,17,15,3,6,26,8,25
643,2021-12-18,26,0,33,24,15,22,4,3,22,4,22
644,2021-12-19,18,1,24,19,10,16,4,7,11,4,16
645,2021-12-20,18,2,27,27,7,15,2,9,10,7,17
646,2021-12-21,30,1,23,27,5,20,1,5,20,7,32
647,2021-12-22,23,3,28,17,8,22,4,7,25,5,28
648,2021-12-23,19,0,25,30,4,14,2,9,17,9,17
649,2021-12-24,21,4,21,21,4,16,1,5,13,3,16
650,2021-12-25,16,3,31,22,10,20,0,5,9,2,16
651,2021-12-26,5,1,15,21,7,20,1,4,12,6,17
652,2021-12-27,17,1,16,11,5,10,1,2,16,4,12
653,2021-12-28,22,3,36,26,14,14,1,8,18,5,22
654,2021-12-29,11,0,26,22,13,20,3,5,24,6,16
655,2021-12-30,18,4,28,23,15,25,2,2,21,4,22
656,2021-12-31,14,2,37,21,9,30,2,8,13,10,13
657,2022-01-01,16,0,30,23,11,18,2,8,17,9,20
658,2022-01-02,20,3,40,21,5,19,2,6,16,2,16
659,2022-01-03,22,1,31,23,9,14,5,5,18,6,17
660,2022-01-04,25,2,54,23,5,34,6,8,22,19,19
661,2022-01-05,21,3,52,36,10,19,3,7,18,4,18
662,2022-01-06,17,1,44,32,6,28,3,6,12,5,26
663,2022-01-07,32,2,42,26,5,24,2,7,16,9,24
664,2022-01-08,17,2,47,31,11,27,6,10,22,12,16
665,2022-01-09,21,4,35,24,5,20,2,6,21,6,12
666,2022-01-10,18,2,35,21,3,17,2,4,15,8,15
667,2022-01-11,27,5,42,35,11,19,0,6,22,11,21
668,2022-01-12,35,1,46,29,4,31,0,3,17,16,27
669,2022-01-13,27,0,40,26,6,29,1,5,26,7,22
670,2022-01-14,34,3,49,33,14,32,2,2,25,12,28
671,2022-01-15,36,1,41,40,13,28,3,4,33,32,35
672,2022-01-16,19,2,24,32,12,22,3,8,14,6,21
673,2022-01-17,27,4,30,21,6,24,4,2,19,9,30
674,2022-01-18,50,3,59,54,19,29,1,7,30,12,32
675,2022-01-19,45,3,55,37,20,59,1,8,37,14,31
676,2022-01-20,45,6,64,48,22,26,1,9,56,18,51
677,2022-01-21,40,9,57,47,26,43,9,11,41,8,53
678,2022-01-22,52,2,43,55,15,31,3,8,52,12,45
679,2022-01-23,52,1,41,47,17,34,3,6,34,5,38
680,2022-01-24,56,1,48,35,20,52,4,11,33,13,36
681,2022-01-25,60,5,63,66,29,54,1,7,59,21,48
682,2022-01-26,50,6,48,44,26,49,7,14,38,11,54
683,2022-01-27,60,2,50,53,32,61,6,13,58,16,61
684,2022-01-28,77,3,53,54,32,49,2,9,57,14,67
685,2022-01-29,62,8,41,56,24,41,5,18,52,6,47
686,2022-01-30,47,5,32,34,15,33,4,11,30,13,41
687,2022-01-31,48,2,33,43,22,57,5,11,47,19,48
688,2022-02-01,84,6,47,61,32,50,7,11,41,22,63
689,2022-02-02,62,4,44,56,22,47,5,15,45,13,50
690,2022-02-03,62,5,38,43,25,48,5,17,62,20,66
691,2022-02-04,67,11,43,54,21,32,3,7,43,13,44
692,2022-02-05,38,5,33,43,31,48,5,13,40,12,39
693,2022-02-06,57,6,30,36,24,36,2,10,36,13,36
694,2022-02-07,53,1,37,32,25,45,5,8,38,15,35
695,2022-02-08,36,2,23,55,21,34,6,15,51,7,51
696,2022-02-09,48,3,34,41,17,35,7,14,43,22,31
697,2022-02-10,44,5,26,41,31,25,6,8,35,7,35
698,2022-02-11,62,1,43,46,28,41,1,12,44,9,34
699,2022-02-12,34,4,33,42,19,36,3,8,34,15,54
700,2022-02-13,32,4,16,25,19,29,8,6,26,9,28
701,2022-02-14,35,2,14,19,15,17,2,5,18,3,30
702,2022-02-15,63,4,29,43,28,37,5,5,37,9,43
703,2022-02-16,42,1,31,28,20,35,6,8,31,5,35
704,2022-02-17,44,2,21,24,20,34,2,8,24,4,30
705,2022-02-18,39,0,24,27,20,26,7,2,22,6,27
706,2022-02-19,37,1,15,30,20,21,2,14,38,5,19
707,2022-02-20,26,2,10,14,17,20,2,7,25,7,18
708,2022-02-21,31,2,11,17,9,24,3,3,24,7,29
709,2022-02-22,39,1,14,20,15,12,2,6,36,9,40
710,2022-02-23,36,2,19,18,13,21,5,6,37,10,19
711,2022-02-24,35,0,15,23,8,23,2,2,25,4,29
712,2022-02-25,31,0,9,14,8,18,4,5,28,6,25
713,2022-02-26,12,0,9,13,13,16,0,6,21,8,16
714,2022-02-27,11,0,11,8,7,14,4,1,11,3,13
715,2022-02-28,19,1,13,4,8,14,4,7,11,4,27
716,2022-03-01,24,2,17,23,15,18,5,5,27,8,16
717,2022-03-02,34,0,19,20,17,19,0,3,24,4,28
718,2022-03-03,22,1,10,19,12,16,1,1,25,5,32
719,2022-03-04,32,2,21,9,14,22,0,4,25,5,17
720,2022-03-05,19,2,16,14,15,9,4,1,22,5,22
721,2022-03-06,22,0,9,13,16,11,2,3,17,4,24
722,2022-03-07,29,0,13,8,9,14,1,3,16,6,17
723,2022-03-08,37,0,18,16,10,13,1,1,46,8,24
724,2022-03-09,49,0,10,16,10,18,0,3,29,10,17
725,2022-03-10,33,0,13,13,6,15,0,4,31,7,28
726,2022-03-11,38,1,9,11,26,9,2,1,35,9,19
727,2022-03-12,30,0,15,15,15,11,2,0,33,12,27
728,2022-03-13,18,1,4,4,10,7,2,2,27,9,18
729,2022-03-14,32,0,16,18,11,11,1,4,38,10,21
730,2022-03-15,43,0,13,12,21,21,2,2,36,14,36
731,2022-03-16,42,2,19,13,25,17,2,1,38,4,27
732,2022-03-17,36,1,17,14,12,12,2,5,25,8,37
733,2022-03-18,37,1,16,15,13,22,0,7,40,14,39
734,2022-03-19,30,0,15,10,23,10,1,3,34,10,22
735,2022-03-20,29,0,6,9,17,12,1,0,28,10,31
736,2022-03-21,33,0,12,9,4,13,2,10,33,7,22
737,2022-03-22,52,3,13,17,23,20,1,6,47,9,40
738,2022-03-23,40,1,10,16,20,18,5,6,32,20,66
739,2022-03-24,40,1,15,12,31,3,0,8,34,8,57
740,2022-03-25,40,2,14,15,26,16,2,4,48,23,34
741,2022-03-26,41,2,15,7,25,19,0,2,41,8,42
742,2022-03-27,36,0,9,7,25,6,0,5,35,9,41
743,2022-03-28,33,0,10,15,25,10,1,3,36,10,37
744,2022-03-29,41,2,32,15,27,17,1,11,34,17,64
745,2022-03-30,44,1,20,18,23,13,0,10,47,15,45
746,2022-03-31,53,2,30,27,23,20,2,12,40,7,52
747,2022-04-01,49,4,21,11,19,15,2,6,39,18,48
748,2022-04-02,31,0,24,17,22,12,1,0,44,19,29
749,2022-04-03,29,0,11,14,20,8,3,2,28,3,41
750,2022-04-04,27,0,19,8,11,14,1,7,33,12,25
751,2022-04-05,54,2,25,29,35,51,2,2,44,10,50
752,2022-04-06,38,2,30,16,21,15,0,12,45,9,29
753,2022-04-07,40,2,19,17,19,31,1,7,41,16,51
754,2022-04-08,36,8,27,13,25,27,1,3,48,9,35
755,2022-04-09,31,0,16,16,25,20,3,1,42,12,42
756,2022-04-10,32,3,11,5,8,15,1,5,35,2,33
757,2022-04-11,28,3,16,21,15,24,0,9,42,11,31
758,2022-04-12,52,5,34,17,16,42,2,7,48,9,42
759,2022-04-13,25,4,27,36,26,20,1,8,46,12,55
760,2022-04-14,34,6,23,17,27,26,1,12,35,8,53
761,2022-04-15,33,5,19,14,20,18,4,10,42,9,29
762,2022-04-16,29,2,22,21,27,22,1,6,28,10,34
763,2022-04-17,30,2,11,13,11,16,0,2,25,7,30
764,2022-04-18,24,1,13,7,18,17,0,6,31,5,23
765,2022-04-19,31,7,10,31,12,19,1,4,33,15,34
766,2022-04-20,30,4,16,18,24,26,2,3,56,9,34
767,2022-04-21,29,3,20,17,29,28,2,7,29,7,29
768,2022-04-22,36,3,16,16,11,18,1,8,39,7,42
769,2022-04-23,26,2,11,18,22,24,0,3,26,9,38
770,2022-04-24,19,2,7,13,13,12,0,4,21,7,15
771,2022-04-25,18,3,9,14,8,16,1,4,24,5,23
772,2022-04-26,40,1,18,21,17,22,2,8,28,8,29
773,2022-04-27,22,2,19,13,7,31,2,10,30,4,26
774,2022-04-28,26,2,20,10,12,17,4,7,31,8,14
775,2022-04-29,30,3,14,11,11,13,6,5,20,6,18
776,2022-04-30,22,1,10,18,8,24,1,1,30,6,17
777,2022-05-01,12,0,2,7,9,11,1,3,11,4,17
778,2022-05-02,23,1,16,6,12,17,0,4,17,3,11
779,2022-05-03,22,2,17,20,12,29,1,7,30,8,38
780,2022-05-04,21,6,21,14,10,13,1,10,21,4,4
781,2022-05-05,30,4,11,21,11,21,2,4,38,4,26
782,2022-05-06,18,1,11,16,15,8,3,4,18,4,22
783,2022-05-07,9,2,8,16,7,8,1,2,31,8,14
784,2022-05-08,12,1,10,5,4,11,1,2,23,2,9
785,2022-05-09,11,0,8,7,8,10,2,5,17,4,17
786,2022-05-10,23,5,21,21,8,20,2,6,36,12,18
787,2022-05-11,21,3,21,10,10,11,0,5,19,3,15
788,2022-05-12,12,3,14,10,8,17,0,8,15,1,13
789,2022-05-13,11,2,10,10,10,6,2,3,16,3,13
790,2022-05-14,9,0,9,14,4,12,0,4,16,4,14
791,2022-05-15,12,2,11,6,11,11,0,0,14,6,9
792,2022-05-16,13,0,4,9,10,15,0,5,7,1,10
793,2022-05-17,23,2,12,13,11,13,0,6,16,5,18
794,2022-05-18,7,1,13,14,6,11,0,4,12,6,18
795,2022-05-19,23,1,6,7,3,8,0,7,14,4,8
796,2022-05-20,13,2,10,11,9,12,0,4,8,1,21
797,2022-05-21,10,1,7,3,6,11,0,1,13,1,7
798,2022-05-22,6,0,8,5,3,9,0,2,13,0,5
799,2022-05-23,6,3,11,7,7,8,0,2,10,3,6
800,2022-05-24,13,0,11,12,7,11,0,4,18,5,12
801,2022-05-25,8,0,10,13,6,8,0,2,14,4,12
802,2022-05-26,13,2,9,5,5,8,0,2,15,5,5
803,2022-05-27,8,0,5,4,4,6,0,3,12,2,8
804,2022-05-28,9,0,3,3,2,11,0,3,12,2,13
805,2022-05-29,10,0,0,4,1,4,0,2,7,2,4
806,2022-05-30,4,0,3,3,1,4,0,5,8,5,5
807,2022-05-31,15,2,4,9,6,8,0,3,8,2,9
808,2022-06-01,13,3,5,13,4,12,0,2,1,2,6
809,2022-06-02,12,1,6,6,2,7,0,2,5,1,13
810,2022-06-03,11,3,10,4,2,7,0,7,4,3,3
811,2022-06-04,5,0,2,3,7,6,0,0,15,2,11
812,2022-06-05,11,0,1,4,1,8,0,0,5,2,5
813,2022-06-06,10,3,5,0,2,11,0,1,2,3,10
814,2022-06-07,13,0,7,7,1,8,0,2,13,2,6
815,2022-06-08,13,1,6,7,2,4,0,2,15,5,16
816,2022-06-09,11,3,9,9,8,3,0,1,14,2,8
817,2022-06-10,10,3,6,7,5,3,0,1,13,3,12
818,2022-06-11,4,0,9,10,3,5,0,1,16,1,12
819,2022-06-12,10,1,3,4,5,5,0,0,9,3,6
820,2022-06-13,16,0,4,6,3,4,0,2,5,2,15
821,2022-06-14,16,1,10,9,3,6,0,1,21,4,10
822,2022-06-15,17,1,8,5,6,9,0,0,17,1,14
823,2022-06-16,2,2,9,12,5,10,0,3,20,1,16
824,2022-06-17,10,0,7,7,2,5,0,1,9,1,19
825,2022-06-18,17,1,8,7,0,10,0,0,19,4,18
826,2022-06-19,13,1,10,6,2,4,0,1,9,4,21
827,2022-06-20,19,1,13,4,2,5,0,8,6,1,21
828,2022-06-21,18,1,23,8,3,18,0,2,26,8,23
829,2022-06-22,19,1,19,9,6,3,0,3,17,6,14
830,2022-06-23,11,4,13,11,8,10,0,3,17,3,15
831,2022-06-24,23,2,10,11,6,11,0,5,22,4,14
832,2022-06-25,15,2,10,6,5,16,0,3,24,6,25
833,2022-06-26,14,4,8,8,4,5,0,2,19,2,12
834,2022-06-27,18,3,14,10,1,7,0,8,18,4,11
835,2022-06-28,23,0,8,14,8,12,0,4,20,6,23
836,2022-06-29,26,1,18,9,2,11,0,8,29,7,19
837,2022-06-30,25,2,13,15,13,14,0,5,19,4,13
838,2022-07-01,28,1,14,19,1,7,0,3,24,8,28
839,2022-07-02,23,2,17,18,4,16,0,3,28,7,19
840,2022-07-03,24,1,14,3,9,14,0,2,20,2,14
841,2022-07-04,15,6,10,7,6,12,0,7,13,5,21
842,2022-07-05,27,4,22,30,11,14,0,3,30,7,25
843,2022-07-06,30,4,22,16,9,14,0,4,28,8,23
844,2022-07-07,34,2,27,15,14,18,0,1,22,7,28
845,2022-07-08,20,1,17,27,10,13,0,9,34,6,19
846,2022-07-09,25,4,11,13,5,14,0,2,29,1,24
847,2022-07-10,18,6,10,13,12,13,0,5,26,5,17
848,2022-07-11,21,4,15,9,16,13,0,12,27,9,14
849,2022-07-12,32,2,21,26,15,17,3,8,40,9,42
850,2022-07-13,23,2,25,21,11,25,2,7,23,5,15
851,2022-07-14,31,5,12,30,10,32,0,9,31,5,17
852,2022-07-15,28,6,21,14,15,18,1,6,21,10,16
853,2022-07-16,21,4,18,25,9,30,0,6,32,8,26
854,2022-07-17,28,1,11,18,12,26,0,7,15,6,17
855,2022-07-18,23,0,7,19,8,13,0,8,16,3,20
856,2022-07-19,25,2,15,29,13,20,3,6,35,4,31
857,2022-07-20,32,3,21,29,9,31,1,4,24,5,25
858,2022-07-21,19,3,15,15,12,31,0,7,37,6,21
859,2022-07-22,18,1,11,21,10,16,0,12,22,6,31
860,2022-07-23,17,3,18,9,13,32,0,16,33,3,22
861,2022-07-24,21,2,7,13,19,18,0,7,22,5,21
862,2022-07-25,21,3,13,17,11,24,0,20,17,6,17
863,2022-07-26,27,3,26,20,17,29,0,6,21,7,32
864,2022-07-27,27,2,14,12,11,14,2,6,18,5,19
865,2022-07-28,21,5,19,12,8,25,0,4,21,5,15
866,2022-07-29,20,2,13,6,11,11,2,6,19,1,15
867,2022-07-30,22,4,13,4,10,23,0,6,19,6,17
868,2022-07-31,14,1,13,7,5,15,0,3,22,2,19
869,2022-08-01,11,2,11,14,14,12,4,7,20,6,19
870,2022-08-02,22,1,18,13,7,23,2,9,34,6,18
871,2022-08-03,16,4,15,13,5,13,0,4,21,4,19
872,2022-08-04,16,2,19,10,12,14,0,5,20,6,11
873,2022-08-05,22,2,9,19,14,15,0,0,15,5,16
874,2022-08-06,12,3,8,5,8,11,0,1,24,4,15
875,2022-08-07,17,2,7,7,6,13,0,5,13,4,12
876,2022-08-08,10,2,6,9,6,5,0,5,13,3,12
877,2022-08-09,23,2,12,11,13,19,3,4,17,3,18
878,2022-08-10,14,4,12,11,9,13,3,2,17,3,19
879,2022-08-11,14,2,7,14,7,11,0,5,12,8,15
880,2022-08-12,17,0,12,9,7,19,0,4,14,5,14
881,2022-08-13,7,1,11,14,7,13,0,1,18,3,12
882,2022-08-14,8,1,11,10,7,10,0,1,8,5,13
883,2022-08-15,7,3,10,10,9,13,0,0,13,1,10
884,2022-08-16,11,3,9,8,9,11,2,2,5,1,13
885,2022-08-17,19,6,9,17,2,20,1,4,15,0,25
886,2022-08-18,15,5,7,15,7,9,0,2,13,2,8
887,2022-08-19,15,0,17,16,4,9,1,2,11,1,8
888,2022-08-20,13,1,9,10,5,10,0,3,13,0,15
889,2022-08-21,8,1,3,6,2,4,0,3,3,1,11
890,2022-08-22,8,1,4,9,6,14,1,10,9,3,7
891,2022-08-23,10,1,9,8,7,12,0,3,17,4,9
892,2022-08-24,11,1,5,11,11,6,0,2,11,3,6
893,2022-08-25,15,3,12,16,4,10,0,3,8,1,3
894,2022-08-26,8,1,10,9,7,8,1,1,15,6,7
895,2022-08-27,7,1,5,5,4,5,0,1,8,3,9
896,2022-08-28,18,2,4,6,2,5,2,0,2,2,4
897,2022-08-29,15,2,6,8,2,10,1,6,4,2,3
898,2022-08-30,8,0,7,7,4,7,1,2,10,5,10
899,2022-08-31,7,0,3,9,9,14,2,2,8,5,5
900,2022-09-01,9,2,7,7,5,7,0,1,11,5,8
901,2022-09-02,5,3,3,12,6,8,1,1,14,0,6
902,2022-09-03,11,1,5,10,6,5,0,2,8,3,7
903,2022-09-04,11,2,6,7,4,6,0,1,9,2,3
904,2022-09-05,9,1,6,6,3,9,1,5,6,5,3
905,2022-09-06,10,1,13,8,4,6,2,6,7,0,13
906,2022-09-07,17,0,10,4,6,6,1,3,11,6,6
907,2022-09-08,9,1,7,5,4,9,0,2,9,0,9
908,2022-09-09,10,0,6,10,1,8,2,3,8,5,5
909,2022-09-10,6,1,2,7,1,7,0,1,8,3,10
910,2022-09-11,5,0,5,5,1,3,5,1,6,3,7
911,2022-09-12,9,0,7,8,3,12,5,1,6,5,5
912,2022-09-13,6,3,8,8,5,5,0,1,11,2,8
913,2022-09-14,11,0,10,12,6,11,1,1,10,3,8
914,2022-09-15,11,1,4,8,4,8,1,3,4,2,9
915,2022-09-16,10,0,3,11,3,8,1,7,9,2,9
916,2022-09-17,8,1,5,6,3,5,1,2,8,1,5
917,2022-09-18,11,0,5,0,1,1,1,0,3,0,6
918,2022-09-19,8,1,5,5,1,8,1,2,5,2,5
919,2022-09-20,7,1,7,9,4,17,1,7,11,3,10
920,2022-09-21,14,1,7,5,7,10,2,2,11,2,9
921,2022-09-22,13,1,10,8,6,13,0,4,11,2,18
922,2022-09-23,8,0,8,13,0,9,0,0,12,0,16
923,2022-09-24,11,3,15,18,9,9,0,0,11,0,23
924,2022-09-25,11,1,5,8,0,3,0,2,3,2,11
925,2022-09-26,8,0,13,14,3,11,2,3,4,4,8
926,2022-09-27,6,1,7,18,2,28,0,5,14,4,17
927,2022-09-28,11,1,9,14,4,18,2,5,13,5,19
928,2022-09-29,13,1,9,18,14,8,1,9,15,6,8
929,2022-09-30,8,1,7,16,10,17,2,6,25,8,16
930,2022-10-01,17,1,18,7,2,21,0,1,16,7,9
931,2022-10-02,10,0,6,4,7,7,0,3,7,4,13
932,2022-10-03,13,0,5,10,7,5,5,4,13,9,9
933,2022-10-04,45,3,6,15,7,20,0,5,17,6,16
934,2022-10-05,20,2,12,10,10,16,6,5,19,6,9
935,2022-10-06,18,0,12,10,11,25,1,4,17,6,15
936,2022-10-07,18,0,16,12,6,26,1,2,24,5,20
937,2022-10-08,16,2,15,15,10,15,0,5,17,3,22
938,2022-10-09,7,1,9,9,7,7,0,1,12,0,15
939,2022-10-10,15,1,2,14,7,8,2,3,21,10,7
940,2022-10-11,24,1,7,12,10,30,3,8,15,5,13
941,2022-10-12,9,1,16,13,10,21,3,5,17,7,19
942,2022-10-13,18,3,7,12,7,19,3,4,30,9,10
943,2022-10-14,15,0,11,11,16,12,6,10,16,9,18
944,2022-10-15,15,0,10,7,11,17,0,6,15,8,14
945,2022-10-16,7,1,8,5,8,2,0,3,9,0,11
946,2022-10-17,17,0,8,9,6,9,4,7,22,8,16
947,2022-10-18,18,1,15,27,16,19,3,5,34,7,16
948,2022-10-19,9,4,12,15,7,22,1,9,16,4,15
949,2022-10-20,10,0,12,12,9,19,2,5,30,2,15
950,2022-10-21,10,0,12,16,6,10,2,6,27,6,15
951,2022-10-22,9,1,5,9,10,17,1,4,17,1,11
952,2022-10-23,6,1,8,10,5,7,0,1,9,3,4
953,2022-10-24,6,1,17,11,2,5,3,3,10,4,12
